Design Signal Pad Name,IO Power Group,PUPD State During HHV,PUPD State After HHV,IO Power Supply Name,IO Power Setting,Required Voltage Level,Ball Name,Selected Mode Number,Mode Interface Name,Mode Signal Name,Mode Type,User Checked PU,User Checked PD,User Checked RX,User Requirement Name
AIN0,ADC,,,vdda_adc,1.8V,1.8V,B6,0,ADC,AIN0,,false,false,false,ADC_ANALOG_JOYSTICK
AIN1,ADC,,,vdda_adc,1.8V,1.8V,C7,0,ADC,AIN1,,false,false,false,ADC_ANALOG_JOYSTICK
AIN2,ADC,,,vdda_adc,1.8V,1.8V,B7,0,ADC,AIN2,,false,false,false,ADC_ANALOG_JOYSTICK
AIN3,ADC,,,vdda_adc,1.8V,1.8V,A7,0,ADC,AIN3,,false,false,false,ADC_ANALOG_JOYSTICK
xdma_event_intr0,GENERAL,OFF,PD,vddshv6,3.3V,3.3V,A15,7,GPIO0,gpio0[19],,false,false,true,GPIO0
gmii1_txd1,GEMAC-A,PD,PD,vddshv5,1.8V,3.3V,K16,7,GPIO0,gpio0[21],,false,false,true,GPIO0
gpmc_ad8,MMCSD-B,PD,PD,vddshv2,3.3V,3.3V,U10,7,GPIO0,gpio0[22],,false,false,true,GPIO0
gpmc_ad9,MMCSD-B,PD,PD,vddshv2,3.3V,3.3V,T10,7,GPIO0,gpio0[23],,false,false,true,GPIO0
gpmc_ad10,MMCSD-B,PD,PD,vddshv2,3.3V,3.3V,T11,7,GPIO0,gpio0[26],,false,false,true,GPIO0
gpmc_ad11,MMCSD-B,PD,PD,vddshv2,3.3V,3.3V,U12,7,GPIO0,gpio0[27],,false,false,true,GPIO0
gmii1_txd0,GEMAC-A,PD,PD,vddshv5,1.8V,3.3V,K17,7,GPIO0,gpio0[28],,false,false,false,GPIO0
gpmc_ad12,MMCSD-B,PD,PD,vddshv2,3.3V,3.3V,T12,7,GPIO1,gpio1[12],,false,false,true,GPIO1
gpmc_ad13,MMCSD-B,PD,PD,vddshv2,3.3V,3.3V,R12,7,GPIO1,gpio1[13],,false,false,true,GPIO1
gpmc_ad14,MMCSD-B,PD,PD,vddshv2,3.3V,3.3V,V13,7,GPIO1,gpio1[14],,false,false,true,GPIO1
gpmc_ad15,MMCSD-B,PD,PD,vddshv2,3.3V,3.3V,U13,7,GPIO1,gpio1[15],,false,false,true,GPIO1
gpmc_a0,GEMAC-B,PD,PD,vddshv3,3.3V,3.3V,R13,7,GPIO1,gpio1[16],,false,false,true,GPIO1
gpmc_a1,GEMAC-B,PD,PD,vddshv3,3.3V,3.3V,V14,7,GPIO1,gpio1[17],,false,false,true,GPIO1
gpmc_a2,GEMAC-B,PD,PD,vddshv3,3.3V,3.3V,U14,7,GPIO1,gpio1[18],,false,false,true,GPIO1
gpmc_a3,GEMAC-B,PD,PD,vddshv3,3.3V,3.3V,T14,7,GPIO1,gpio1[19],,false,false,true,GPIO1
gpmc_a4,GEMAC-B,PD,PD,vddshv3,3.3V,3.3V,R14,7,GPIO1,gpio1[20],,false,false,true,GPIO1
gpmc_a5,GEMAC-B,PD,PD,vddshv3,3.3V,3.3V,V15,7,GPIO1,gpio1[21],,false,false,false,GPIO1
gpmc_a6,GEMAC-B,PD,PD,vddshv3,3.3V,3.3V,U15,7,GPIO1,gpio1[22],,false,false,true,GPIO1
gpmc_a8,GEMAC-B,PD,PD,vddshv3,3.3V,3.3V,V16,7,GPIO1,gpio1[24],,false,false,true,GPIO1
gpmc_csn0,GPMC,PU,PU,vddshv1,3.3V,3.3V,V6,7,GPIO1,gpio1[29],,false,false,false,GPIO1
gpmc_clk,MMCSD-B,PD,PD,vddshv2,3.3V,3.3V,V12,7,GPIO2,gpio2[1],,false,false,true,GPIO2
gpmc_oen_ren,GPMC,PU,PU,vddshv1,3.3V,3.3V,T7,7,GPIO2,gpio2[3],,false,false,false,GPIO2
gpmc_be0n_cle,GPMC,PU,PU,vddshv1,3.3V,3.3V,T6,7,GPIO2,gpio2[5],,false,false,true,GPIO2
gmii1_txclk,GEMAC-A,PD,PD,vddshv5,1.8V,3.3V,K18,7,GPIO3,gpio3[9],,false,false,false,GPIO3
mcasp0_aclkr,GENERAL,PD,PD,vddshv6,3.3V,3.3V,B12,7,GPIO3,gpio3[18],,false,false,true,GPIO3
mcasp0_fsr,GENERAL,PD,PD,vddshv6,3.3V,3.3V,C13,7,GPIO3,gpio3[19],,false,false,true,GPIO3
I2C0_SCL,GENERAL,OFF,PU,vddshv6,3.3V,3.3V,C16,0,I2C0,I2C0_SCL,,false,false,true,I2C0_Power
I2C0_SDA,GENERAL,OFF,PU,vddshv6,3.3V,3.3V,C17,0,I2C0,I2C0_SDA,,false,false,true,I2C0_Power
uart1_txd,GENERAL,OFF,PU,vddshv6,3.3V,3.3V,D15,3,I2C1,I2C1_SCL,,false,false,true,I2C1_Board_Periph
uart1_rxd,GENERAL,OFF,PU,vddshv6,3.3V,3.3V,D16,3,I2C1,I2C1_SDA,,false,false,true,I2C1_Board_Periph
uart1_rtsn,GENERAL,OFF,PU,vddshv6,3.3V,3.3V,D17,3,I2C2,I2C2_SCL,,false,false,true,I2C2_Grove
uart1_ctsn,GENERAL,OFF,PU,vddshv6,3.3V,3.3V,D18,3,I2C2,I2C2_SDA,,false,false,true,I2C2_Grove
lcd_vsync,GENERAL,OFF,PD,vddshv6,3.3V,3.3V,U5,0,LCDC,lcd_vsync,,false,false,false,LCD_5IN
lcd_hsync,GENERAL,OFF,PD,vddshv6,3.3V,3.3V,R5,0,LCDC,lcd_hsync,,false,false,false,LCD_5IN
lcd_pclk,GENERAL,OFF,PD,vddshv6,3.3V,3.3V,V5,0,LCDC,lcd_pclk,,false,false,false,LCD_5IN
lcd_ac_bias_en,GENERAL,OFF,PD,vddshv6,3.3V,3.3V,R6,0,LCDC,lcd_ac_bias_en,,false,false,false,LCD_5IN
lcd_data0,GENERAL,OFF,OFF,vddshv6,3.3V,3.3V,R1,0,LCDC,lcd_data0,,false,false,false,LCD_5IN
lcd_data1,GENERAL,OFF,OFF,vddshv6,3.3V,3.3V,R2,0,LCDC,lcd_data1,,false,false,false,LCD_5IN
lcd_data2,GENERAL,OFF,OFF,vddshv6,3.3V,3.3V,R3,0,LCDC,lcd_data2,,false,false,false,LCD_5IN
lcd_data3,GENERAL,OFF,OFF,vddshv6,3.3V,3.3V,R4,0,LCDC,lcd_data3,,false,false,false,LCD_5IN
lcd_data4,GENERAL,OFF,OFF,vddshv6,3.3V,3.3V,T1,0,LCDC,lcd_data4,,false,false,false,LCD_5IN
lcd_data5,GENERAL,OFF,OFF,vddshv6,3.3V,3.3V,T2,0,LCDC,lcd_data5,,false,false,false,LCD_5IN
lcd_data6,GENERAL,OFF,OFF,vddshv6,3.3V,3.3V,T3,0,LCDC,lcd_data6,,false,false,false,LCD_5IN
lcd_data7,GENERAL,OFF,OFF,vddshv6,3.3V,3.3V,T4,0,LCDC,lcd_data7,,false,false,false,LCD_5IN
lcd_data8,GENERAL,OFF,OFF,vddshv6,3.3V,3.3V,U1,0,LCDC,lcd_data8,,false,false,false,LCD_5IN
lcd_data9,GENERAL,OFF,OFF,vddshv6,3.3V,3.3V,U2,0,LCDC,lcd_data9,,false,false,false,LCD_5IN
lcd_data10,GENERAL,OFF,OFF,vddshv6,3.3V,3.3V,U3,0,LCDC,lcd_data10,,false,false,false,LCD_5IN
lcd_data11,GENERAL,OFF,OFF,vddshv6,3.3V,3.3V,U4,0,LCDC,lcd_data11,,false,false,false,LCD_5IN
lcd_data12,GENERAL,OFF,OFF,vddshv6,3.3V,3.3V,V2,0,LCDC,lcd_data12,,false,false,false,LCD_5IN
lcd_data13,GENERAL,OFF,OFF,vddshv6,3.3V,3.3V,V3,0,LCDC,lcd_data13,,false,false,false,LCD_5IN
lcd_data14,GENERAL,OFF,OFF,vddshv6,3.3V,3.3V,V4,0,LCDC,lcd_data14,,false,false,false,LCD_5IN
lcd_data15,GENERAL,OFF,OFF,vddshv6,3.3V,3.3V,T5,0,LCDC,lcd_data15,,false,false,false,LCD_5IN
mcasp0_ahclkx,GENERAL,PD,PD,vddshv6,3.3V,3.3V,A14,0,MCASP0,mcasp0_ahclkx,,false,false,true,MCASP0
mcasp0_aclkx,GENERAL,PD,PD,vddshv6,3.3V,3.3V,A13,0,MCASP0,mcasp0_aclkx,,false,false,true,MCASP0
mcasp0_fsx,GENERAL,PD,PD,vddshv6,3.3V,3.3V,B13,0,MCASP0,mcasp0_fsx,,false,false,true,MCASP0
mcasp0_axr0,GENERAL,PD,PD,vddshv6,3.3V,3.3V,D12,0,MCASP0,mcasp0_axr0,,false,false,true,MCASP0
mcasp0_axr1,GENERAL,PD,PD,vddshv6,3.3V,3.3V,D13,0,MCASP0,mcasp0_axr1,,false,false,true,MCASP0
mmc0_clk,MMCSD-A,PU,PU,vddshv4,3.3V,3.3V,G17,0,MMC0,mmc0_clk,,false,false,true,SDCard
mmc0_cmd,MMCSD-A,PU,PU,vddshv4,3.3V,3.3V,G18,0,MMC0,mmc0_cmd,,false,false,true,SDCard
mmc0_dat0,MMCSD-A,PU,PU,vddshv4,3.3V,3.3V,G16,0,MMC0,mmc0_dat0,,false,false,true,SDCard
mmc0_dat1,MMCSD-A,PU,PU,vddshv4,3.3V,3.3V,G15,0,MMC0,mmc0_dat1,,false,false,true,SDCard
mmc0_dat2,MMCSD-A,PU,PU,vddshv4,3.3V,3.3V,F18,0,MMC0,mmc0_dat2,,false,false,true,SDCard
mmc0_dat3,MMCSD-A,PU,PU,vddshv4,3.3V,3.3V,F17,0,MMC0,mmc0_dat3,,false,false,true,SDCard
spi0_cs1,GENERAL,OFF,PU,vddshv6,3.3V,3.3V,C15,5,MMC0,mmc0_sdcd,,false,false,true,SDCard
gpmc_csn1,GPMC,PU,PU,vddshv1,3.3V,3.3V,U9,2,MMC1,mmc1_clk,,false,false,true,CART_MMC
gpmc_csn2,GPMC,PU,PU,vddshv1,3.3V,3.3V,V9,2,MMC1,mmc1_cmd,,false,false,true,CART_MMC
gpmc_ad0,GPMC,PD,PD,vddshv1,3.3V,3.3V,U7,1,MMC1,mmc1_dat0,,false,false,true,CART_MMC
gpmc_ad1,GPMC,PD,PD,vddshv1,3.3V,3.3V,V7,1,MMC1,mmc1_dat1,,false,false,true,CART_MMC
gpmc_ad2,GPMC,PD,PD,vddshv1,3.3V,3.3V,R8,1,MMC1,mmc1_dat2,,false,false,true,CART_MMC
gpmc_ad3,GPMC,PD,PD,vddshv1,3.3V,3.3V,T8,1,MMC1,mmc1_dat3,,false,false,true,CART_MMC
gpmc_ad4,GPMC,PD,PD,vddshv1,3.3V,3.3V,U8,1,MMC1,mmc1_dat4,,false,false,true,CART_MMC
gpmc_ad5,GPMC,PD,PD,vddshv1,3.3V,3.3V,V8,1,MMC1,mmc1_dat5,,false,false,true,CART_MMC
gpmc_ad6,GPMC,PD,PD,vddshv1,3.3V,3.3V,R9,1,MMC1,mmc1_dat6,,false,false,true,CART_MMC
gpmc_ad7,GPMC,PD,PD,vddshv1,3.3V,3.3V,T9,1,MMC1,mmc1_dat7,,false,false,true,CART_MMC
gmii1_rxd1,GEMAC-A,PD,PD,vddshv5,1.8V,1.8V,L15,6,MMC2,mmc2_clk,,false,false,true,SD_WIFI
gmii1_txen,GEMAC-A,PD,PD,vddshv5,1.8V,1.8V,J16,6,MMC2,mmc2_cmd,,false,false,true,SD_WIFI
gmii1_rxdv,GEMAC-A,PD,PD,vddshv5,1.8V,1.8V,J17,5,MMC2,mmc2_dat0,,false,false,true,SD_WIFI
gmii1_txd3,GEMAC-A,PD,PD,vddshv5,1.8V,1.8V,J18,5,MMC2,mmc2_dat1,,false,false,true,SD_WIFI
gmii1_txd2,GEMAC-A,PD,PD,vddshv5,1.8V,1.8V,K15,5,MMC2,mmc2_dat2,,false,false,true,SD_WIFI
gmii1_col,GEMAC-A,PD,PD,vddshv5,1.8V,1.8V,H16,5,MMC2,mmc2_dat3,,false,false,true,SD_WIFI
OSC0_IN,OSC0,NC,NC,vdds_osc,1.8V,1.8V,V10,0,OSC0,OSC0_IN,,false,false,false,OSC0_MAIN
OSC0_OUT,OSC0,NC,NC,vdds_osc,1.8V,1.8V,U11,0,OSC0,OSC0_OUT,,false,false,false,OSC0_MAIN
OSC1_IN,RTC,,,vdds_rtc,1.8V,1.8V,A6,0,OSC1,OSC1_IN,,false,false,false,OSC1_RTC
OSC1_OUT,RTC,,,vdds_rtc,1.8V,1.8V,A4,0,OSC1,OSC1_OUT,,false,false,false,OSC1_RTC
RTC_PORz,RTC,,,vdds_rtc,1.8V,1.8V,B5,0,RTC,RTC_PORz,,false,false,true,SYS_RTC
EXT_WAKEUP,RTC,PD,,vdds_rtc,1.8V,1.8V,C5,0,RTC,EXT_WAKEUP,,false,false,false,SYS_RTC
PMIC_POWER_EN,RTC,PU,,vdds_rtc,1.8V,1.8V,C6,0,RTC,PMIC_POWER_EN,,false,false,true,SYS_RTC
ENZ_KALDO_1P8V,RTC,,,vdds_rtc,1.8V,1.8V,B4,0,RTC,ENZ_KALDO_1P8V,,false,false,true,SYS_RTC
spi0_sclk,GENERAL,OFF,PU,vddshv6,3.3V,3.3V,A17,0,SPI0,spi0_sclk,,false,false,true,GROVE_SPI
spi0_d0,GENERAL,OFF,PU,vddshv6,3.3V,3.3V,B17,0,SPI0,spi0_d0,,false,false,true,GROVE_SPI
spi0_d1,GENERAL,OFF,PU,vddshv6,3.3V,3.3V,B16,0,SPI0,spi0_d1,,false,false,true,GROVE_SPI
spi0_cs0,GENERAL,OFF,PU,vddshv6,3.3V,3.3V,A16,0,SPI0,spi0_cs0,,false,false,true,GROVE_SPI
gpmc_advn_ale,GPMC,PU,PU,vddshv1,3.3V,3.3V,R7,2,TIMER4,timer4,,false,true,true,PWM Timer
uart0_rxd,GENERAL,OFF,PU,vddshv6,3.3V,3.3V,E15,0,UART0,uart0_rxd,,false,false,true,UART0_COMM_GROVE
uart0_txd,GENERAL,OFF,PU,vddshv6,3.3V,3.3V,E16,0,UART0,uart0_txd,,false,false,false,UART0_COMM_GROVE
uart0_ctsn,GENERAL,OFF,PU,vddshv6,3.3V,3.3V,E18,0,UART0,uart0_ctsn,,false,false,true,UART0_COMM_GROVE
uart0_rtsn,GENERAL,OFF,PU,vddshv6,3.3V,3.3V,E17,0,UART0,uart0_rtsn,,false,false,false,UART0_COMM_GROVE
gmii1_rxd3,GEMAC-A,PD,PD,vddshv5,1.8V,1.8V,L17,1,UART3,uart3_rxd,,false,false,true,UART3_BLUETOOTH
gmii1_rxd2,GEMAC-A,PD,PD,vddshv5,1.8V,1.8V,L16,1,UART3,uart3_txd,,false,false,false,UART3_BLUETOOTH
mdio_data,GEMAC-A,PU,PU,vddshv5,1.8V,1.8V,M17,3,UART3,uart3_ctsn,,false,false,true,UART3_BLUETOOTH
mdio_clk,GEMAC-A,PU,PU,vddshv5,1.8V,1.8V,M18,3,UART3,uart3_rtsn,,false,false,false,UART3_BLUETOOTH
USB1_DM,USB1,,,vdda3p3v_usb1,3.3V,3.3V,R18,0,USB1,USB1_DM,,false,false,false,HOST_USB
USB1_DP,USB1,,,vdda3p3v_usb1,3.3V,3.3V,R17,0,USB1,USB1_DP,,false,false,false,HOST_USB
USB1_ID,USB1,,,vdda3p3v_usb1,3.3V,3.3V,P17,0,USB1,USB1_ID,,false,false,false,HOST_USB
USB1_VBUS,USB1,,,vdda3p3v_usb1,3.3V,3.3V,T18,0,USB1,USB1_VBUS,,false,false,false,HOST_USB
